Sample ID,Site,Sample No,Site ID,Year,Visit ID,COMID,Waterbody Name,Network,State,NAMC Latitude,NAMC Longitude,Customer Latitude,Customer Longitude,Collection Date,Ecosystem,Habitat,Sample Type,Sampler Type,Field Notes,Lab Notes,Area,Field Split,Lab Split,Split Count,Completion Date
140542,GICL,1,NA,2008,NA,2430292,West Fork of Gila River,SODN,NM,33.22900772,-108.2628403,,,2008-06-10,Stream/river,Riffle,Benthic,Kick net,NA,NA,0.74,100,25,617,
140543,GICL,1,NA,2008,NA,2430292,West Fork of Gila River,SODN,NM,33.22900772,-108.2628403,,,2008-06-10,Stream/river,Multiple,Benthic,Kick net,NA,NA,1.023,100,50,644,
140544,MOCC,1,NA,2008,NA,20454224,Beaver Creek,SODN,AZ,34.60811,-111.845,,,2008-06-03,Stream/river,Multiple,Benthic,Kick net,NA,NA,1.023,100,100,236,
140545,MOWE,1,NA,2008,NA,20454068,Wet Beaver Creek at Montezuma Well,SODN,AZ,34.64564133,-111.7616196,,,2008-06-04,Stream/river,Riffle,Benthic,Kick net,NA,NA,0.74,100,100,527,
140546,MOWE,1,NA,2008,NA,20454068,Wet Beaver Creek at Montezuma Well,SODN,AZ,34.64564133,-111.7616196,,,2008-06-04,Stream/river,Multiple,Benthic,Kick net,NA,NA,1.023,100,100,612,
140547,TUZI,1,NA,2008,NA,20451706,Verde River,SODN,AZ,34.76639938,-112.025177,,,2008-06-04,Stream/river,Riffle,Benthic,Kick net,NA,NA,0.74,100,18.75,740,
140548,TUZI,1,NA,2008,NA,20451706,Verde River,SODN,AZ,34.76639938,-112.025177,,,2008-06-05,Stream/river,Multiple,Benthic,Kick net,NA,NA,1.023,100,100,402,
140549,TUMM,1,NA,2008,NA,15905101,Santa Cruz River at southern boundary of Tumacacori NHP,SODN,AZ,31.56326103,-111.0456161,,,2008-05-20,Stream/river,Riffle,Benthic,Kick net,NA,NA,0.74,100,100,109,
140550,TUMM,1,NA,2008,NA,15905101,Santa Cruz River at southern boundary of Tumacacori NHP,SODN,AZ,31.56326103,-111.0456161,,,2008-05-20,Stream/river,Multiple,Benthic,Kick net,NA,NA,1.023,100,100,177,
146741,CHIR,1,CHIR-001,2010,NA,21261789,Superintentent Spring,SODN,AZ,32.00876,-109.36635,,,2010-06-11,Stream/river,Spring,Benthic,Kick net,NA,NA,NA,100,100,13,
146742,CHIR,2,CHIR-002,2010,NA,21261789,Kraft Spring,SODN,AZ,32.008834,-109.36691,,,2010-06-11,Stream/river,Spring,Benthic,Kick net,NA,NA,NA,100,100,8,
146743,CHIR,1,CHIR-003,2010,NA,21261793,Silver Spur Spring,SODN,AZ,32.0087,-109.35994,,,2010-06-12,Stream/river,Spring,Benthic,Kick net,NA,NA,NA,100,100,16,
146744,CHIR,1,CHIR-005,2010,NA,21261813,Garfield Spring,SODN,AZ,32.0014,-109.35812,,,2010-06-13,Stream/river,Spring,Benthic,Kick net,NA,NA,NA,100,100,3,
146745,CHIR,1,CHIR-006,2010,NA,21261757,Bear Scat Spring,SODN,AZ,32.03474,-109.33195,,,2010-06-14,Stream/river,Spring,Benthic,Kick net,NA,NA,NA,100,100,1,
146746,CHIR,1,CHIR-008,2010,NA,21261789,Bonita Park Spring,SODN,AZ,32.009513,-109.361514,,,2010-06-24,Stream/river,Spring,Benthic,Kick net,NA,NA,NA,100,100,22,
146747,CHIR,1,CHIR-009,2010,NA,21261757,Shake Spring,SODN,AZ,32.02173,-109.3389,,,2010-06-23,Stream/river,Spring,Benthic,Kick net,NA,NA,NA,100,100,21,
146748,CHIR,1,CHIR-010,2010,NA,21261785,Roadside Spring,SODN,AZ,32.015606,-109.35352,,,2010-06-24,Stream/river,Spring,Benthic,Kick net,NA,NA,NA,100,100,9,
146749,CORO,1,CORO-006,2010,NA,15934855,"Blue Waterfall, Site 1",SODN,AZ,31.3515,-110.25741,,,2010-07-24,Stream/river,Spring,Benthic,Kick net,NA,NA,NA,100,100,13,
146750,CORO,1,CORO-009,2010,NA,15934855,"Joe's Canyon Trail, Site 2",SODN,AZ,31.3403,-110.26203,,,2010-07-27,Stream/river,Spring,Benthic,Kick net,NA,NA,NA,100,100,10,
146751,CORO,2,CORO-010,2010,NA,945050740,"Joe's Canyon Trail, Site 3",SODN,AZ,31.340129,-110.262809,,,2010-07-27,Stream/river,Spring,Benthic,Kick net,NA,NA,NA,100,100,9,
146752,CORO,1,CORO-011,2010,NA,15919765,"Yaqui Canyon Complex, Site 1",SODN,AZ,32.34421,-110.28227,,,2010-07-23,Stream/river,Spring,Benthic,Kick net,NA,NA,NA,100,100,16,
146753,CORO,2,CORO-013,2010,NA,15934645,"Yaqui Canyon Complex, Site 3",SODN,AZ,31.34173,-110.28088,,,2010-07-23,Stream/river,Spring,Benthic,Kick net,NA,NA,NA,100,100,10,
146754,FOBO,1,FOBO-001,2010,NA,21307021,Lower Mine Spring,SODN,AZ,32.14663,-109.44392,,,2010-06-10,Stream/river,Spring,Benthic,Kick net,NA,NA,NA,100,100,11,
146755,FOBO,1,FOBO-002,2010,NA,21307039,Upper Mine Spring,SODN,AZ,32.146118,-109.43448,,,2010-06-25,Stream/river,Spring,Benthic,Kick net,NA,NA,NA,100,100,16,
146756,FOBO,1,FOBO-003,2010,NA,21307021,Apache Spring,SODN,AZ,32.14565,-109.44068,,,2010-06-10,Stream/river,Spring,Benthic,Kick net,NA,NA,NA,100,100,15,
146757,MOCC,1,MOCC-001,2010,NA,20454224,Expansion Spring,SODN,AZ,34.61944,-111.82627,,,2010-07-22,Stream/river,Spring,Benthic,Kick net,NA,NA,NA,100,100,8,
146758,MOWE,1,MOWE-001,2010,NA,20454068,Wet Beaver Creek at Montezuma Well,SODN,AZ,34.64564133,-111.7616196,,,2010-07-21,Stream/river,Multiple,Benthic,Kick net,NA,NA,NA,100,100,52,
146759,SAGE,1,SAGE-002,2010,NA,15894238,Devil's Bathtub,SODN,AZ,32.19662,-110.54569,,,2010-06-12,Stream/river,Spring,Benthic,Kick net,NA,NA,NA,100,100,23,
146760,SAGE,1,SAGE-004,2010,NA,15894218,Mica Meadow Trail Seeps,SODN,AZ,32.21353,-110.54322,,,2010-06-11,Stream/river,Spring,Benthic,Kick net,NA,NA,NA,100,100,10,
146761,SAGE,1,SAGE-006,2010,NA,15895214,Itilian Spring,SODN,AZ,32.22896,-110.53582,,,2010-06-10,Stream/river,Spring,Benthic,Kick net,NA,NA,NA,100,100,12,
146762,SAGE,1,SAGE-007,2010,NA,15894218,Manning Camp Reservoir,SODN,AZ,32.20758,-110.553809,,,2010-06-12,Stream/river,Spring,Benthic,Kick net,NA,NA,NA,100,100,17,
146763,SAGE,1,SAGE-009,2010,NA,15921017,Spud Rock Spring,SODN,AZ,32.20441,-110.53204,,,2010-06-09,Stream/river,Spring,Benthic,Kick net,bottle says 6/8/2010,NA,NA,100,100,5,
146764,SAGE,1,SAGE-010,2010,NA,15921017,Deer Head Spring,SODN,AZ,32.198842,-110.53013,,,2010-06-08,Stream/river,Spring,Benthic,Kick net,NA,NA,NA,100,100,5,
146765,SAGE,1,SAGE-011,2010,NA,15921017,Mud Hole Spring,SODN,AZ,32.19618,-110.51468,,,2010-06-07,Stream/river,Spring,Benthic,Kick net,NA,NA,NA,100,100,8,
146766,SAGE,1,SAGE-013,2010,NA,15895250,Juniper Basin,SODN,AZ,32.179664,-110.650517,,,2010-06-29,Stream/river,Spring,Benthic,Kick net,NA,NA,NA,100,100,9,
146767,SAGE,1,SAGE-014,2010,NA,15894274,The Grotto,SODN,AZ,32.1375,-110.58401,,,2010-06-23,Stream/river,Spring,Benthic,Kick net,NA,NA,NA,100,100,35,
146768,SAGE,1,SAGE-026,2010,NA,15894226,Sage 026,SODN,AZ,32.17318,-110.60691,,,2010-06-10,Stream/river,Spring,Benthic,Kick net,NA,NA,NA,100,100,19,
146769,SAGE,1,SAGE-030,2010,NA,15894174,Steel Tank Spring,SODN,AZ,32.216889,-110.67497,,,2010-06-09,Stream/river,Spring,Benthic,Kick net,NA,NA,NA,100,100,28,
146770,SAGE,1,SAGE-034,2010,NA,15894114,Sage 034,SODN,AZ,32.18718,-110.7115,,,2010-06-15,Stream/river,Spring,Benthic,Kick net,NA,NA,NA,100,100,294,
146771,SAGE,2,SAGE-036,2010,NA,15894114,Sage 036,SODN,AZ,32.18702,-110.71324,,,2010-06-15,Stream/river,Spring,Benthic,Kick net,NA,NA,NA,100,100,320,
146772,SAGE,1,SAGE-039,2010,NA,15894182,Sage 039,SODN,AZ,32.20459,-110.70098,,,2010-06-16,Stream/river,Spring,Benthic,Kick net,bottle says 6/21/2010,NA,NA,100,100,674,
146773,SAGE,1,SAGE-055,2010,NA,15894254,Sage 055,SODN,AZ,32.15369,-110.6084,,,2010-06-17,Stream/river,Spring,Benthic,Kick net,NA,NA,NA,100,100,59,
146774,SAGE,1,SAGE-083,2010,NA,15894266,Sage 083,SODN,AZ,32.14859,-110.57039,,,2010-06-24,Stream/river,Spring,Benthic,Kick net,NA,NA,NA,100,100,17,
146775,SAGE,2,SAGE-088,2010,NA,15894266,Sage 088,SODN,AZ,32.15267,-110.57081,,,2010-06-24,Stream/river,Spring,Benthic,Kick net,NA,NA,NA,100,100,25,
146776,TUZI,1,TUZI-001,2010,NA,20451674,Shea Spring,SODN,AZ,34.780015,-112.02212,,,2010-07-22,Stream/river,Spring,Benthic,Kick net,NA,NA,NA,100,100,13,
146777,MOWE,1,MOWE-TEST,2010,NA,20454068,Wet Beaver Creek at Montezuma Well,SODN,AZ,34.64564133,-111.7616196,,,2010-05-12,Stream/river,Riffle,Benthic,Kick net,12 composited kicks of 1 sq ft each,NA,1.116,100,62.5,650,
146778,ORPI,1,ORPI 001,2011,NA,15837908,Widlhorse Tank #1,SODN,AZ,32.02183118,-112.72693,,,2011-04-15,Wetland,Littoral - benthic,Benthic,Kick net,all habitats in this set need to be updated to multiple except for the last 5 (springs). interface was throwing an error for utms that prevented editing in All Data.,NA,NA,100,100,20,
146779,ORPI,2,ORPI 002,2011,NA,15837908,Wildhorse Tank # 2,SODN,AZ,32.02180384,-112.7269507,,,2011-04-15,Wetland,Littoral - benthic,Benthic,Kick net,NA,NA,NA,100,100,11,
146780,ORPI,3,ORPI 003,2011,NA,15837908,Wildhorse Tank # 3,SODN,AZ,32.02172996,-112.7270763,,,2011-04-15,Wetland,Littoral - benthic,Benthic,Kick net,NA,NA,NA,100,100,7,
146781,ORPI,4,ORPI 005,2011,NA,15837908,Javelina Tinaja #1,SODN,AZ,32.02306857,-112.7340786,,,2011-04-15,Wetland,Littoral - benthic,Benthic,Kick net,NA,NA,NA,100,100,11,
146782,ORPI,5,ORPI 010,2011,NA,15838042,Olla Tinaja,SODN,AZ,32.01234367,-112.7400166,,,2011-04-15,Wetland,Littoral - benthic,Benthic,Kick net,NA,NA,NA,100,100,10,
146783,ORPI,1,ORPI 011,2011,NA,15837904,Bull Pasture,SODN,AZ,32.01415496,-112.6887696,,,2011-03-30,Wetland,Littoral - benthic,Benthic,Kick net,NA,NA,NA,100,100,10,
146784,ORPI,1,ORPI 013,2011,NA,15837904,Bull Pasture #10,SODN,AZ,32.01603138,-112.6887511,,,2011-04-02,Wetland,Littoral - benthic,Benthic,Kick net,NA,NA,NA,100,100,12,
146785,ORPI,1,ORPI 015,2011,NA,15837904,Bull Pasture #12,SODN,AZ,32.01465249,-112.6893399,,,2011-03-29,Wetland,Littoral - benthic,Benthic,Kick net,NA,NA,NA,100,100,20,
146786,ORPI,1,ORPI 016,2011,NA,15837904,Bull Pasture #13,SODN,AZ,32.01533389,-112.6903263,,,2011-03-31,Wetland,Littoral - benthic,Benthic,Kick net,NA,NA,NA,100,100,8,
146787,ORPI,1,ORPI 017,2011,NA,15837904,Bull Pasture #14,SODN,AZ,32.01543406,-112.6909316,,,2011-04-01,Wetland,Littoral - benthic,Benthic,Kick net,NA,NA,NA,100,100,7,
146788,ORPI,1,ORPI 019,2011,NA,15837904,Bull Pasture #3,SODN,AZ,32.0158208,-112.692368,,,2011-04-02,Wetland,Littoral - benthic,Benthic,Kick net,NA,NA,NA,100,100,6,
146789,ORPI,2,ORPI 020,2011,NA,15837904,Bull Pasture #4,SODN,AZ,32.01584336,-112.6920296,,,2011-04-02,Wetland,Littoral - benthic,Benthic,Kick net,NA,NA,NA,100,100,9,
146790,ORPI,1,ORPI 021,2011,NA,15837904,Bull Pasture #5,SODN,AZ,32.01591271,-112.6908875,,,2011-04-01,Wetland,Littoral - benthic,Benthic,Kick net,NA,NA,NA,100,100,7,
146791,ORPI,1,ORPI 027,2011,NA,15837904,Estes Canyon #1,SODN,AZ,32.01627748,-112.6953195,,,2011-04-15,Wetland,Littoral - benthic,Benthic,Kick net,NA,NA,NA,100,100,7,
146792,ORPI,1,ORPI 031,2011,NA,15837904,West Arroyo Tinaja #3,SODN,AZ,32.01566248,-112.6967903,,,2011-04-02,Wetland,Littoral - benthic,Benthic,Kick net,NA,NA,NA,100,100,21,
146793,ORPI,2,ORPI 032,2011,NA,15837904,West Arroyo @,SODN,AZ,32.01449427,-112.6964618,,,2011-04-02,Wetland,Littoral - benthic,Benthic,Kick net,NA,NA,NA,100,100,9,
146794,ORPI,3,ORPI 033,2011,NA,15837904,West Arroyo +,SODN,AZ,32.01378526,-112.6961946,,,2011-04-02,Wetland,Littoral - benthic,Benthic,Kick net,NA,NA,NA,100,100,11,
146795,ORPI,4,ORPI 034,2011,NA,15837904,West Arroyo below Junip,SODN,AZ,32.01540182,-112.696722,,,2011-04-02,Wetland,Littoral - benthic,Benthic,Kick net,NA,NA,NA,100,100,14,
146796,ORPI,5,ORPI 036,2011,NA,15837904,East Arroyo,SODN,AZ,32.01501696,-112.6951481,,,2011-04-02,Wetland,Littoral - benthic,Benthic,Kick net,NA,NA,NA,100,100,1,
146797,ORPI,6,ORPI 037,2011,NA,15837904,East Arroyo Spring,SODN,AZ,32.01539642,-112.6951021,,,2011-04-02,Wetland,Littoral - benthic,Benthic,Kick net,NA,NA,NA,100,100,10,
146798,ORPI,1,ORPI 076,2011,NA,15854155,Pinkley Peak Tinaja #2,SODN,AZ,31.99921541,-112.8517963,,,2011-04-14,Wetland,Littoral - benthic,Benthic,Kick net,NA,NA,NA,100,100,8,
146799,ORPI,2,ORPI 078,2011,NA,15854155,Pinkley's Nemesis,SODN,AZ,31.9990922,-112.8509682,,,2011-04-14,Wetland,Littoral - benthic,Benthic,Kick net,NA,NA,NA,100,100,5,
146800,ORPI,3,ORPI 079,2011,NA,15853977,Desert Oasis,SODN,AZ,32.00299355,-112.8500199,,,2011-04-14,Wetland,Littoral - benthic,Benthic,Kick net,NA,NA,NA,100,100,9,
146801,ORPI,1,ORPI 099,2011,NA,15853971,Puerto Blanco #1,SODN,AZ,32.01833336,-112.8772077,,,2011-03-30,Wetland,Littoral - benthic,Benthic,Kick net,NA,NA,NA,100,100,12,
146802,ORPI,1,ORPI 121,2011,NA,15853913,Dripping Springs,SODN,AZ,32.02422133,-112.8918959,,,2011-03-30,Stream/river,Spring,Benthic,Kick net,NA,NA,NA,100,100,13,
146803,ORPI,1,ORPI 125,2011,NA,NA,Quitobaquito SW Spring,SODN,AZ,31.94393352,-113.019203,,,2011-03-31,Stream/river,Spring,Benthic,Kick net,NA,NA,NA,100,100,30,
146804,ORPI,1,ORPI 126,2011,NA,NA,Williams Spring,SODN,AZ,31.95830942,-113.0243629,,,2011-04-01,Stream/river,Spring,Benthic,Kick net,NA,NA,NA,100,100,14,
146805,GICL,1,GICL 001,2011,NA,2430292,Cave Dweller Spring,SODN,NM,33.22596366,-108.2693341,,,2011-06-25,Stream/river,Spring,Benthic,Kick net,NA,NA,NA,100,100,13,
146806,GICL,2,GICL 002,2011,NA,2430292,Hubbard Brook,SODN,NM,33.22781513,-108.27729,,,2011-06-25,Stream/river,Spring,Benthic,Kick net,NA,NA,NA,100,100,9,
148386,SAGE,1,SAGE_052,2011,NA,15894254,"Chim 1a,1b,1c,1d",SODN,AZ,32.15338016,-110.6086665,,,2011-08-16,Stream/river,Spring,Benthic,Kick net,Aquarium net and 1/16 m2 quadrat,NA,0.625,100,100,247,
148387,SAGE,1,SAGE_057,2011,NA,15894254,"Chim-1k, 1l, 1m",SODN,AZ,32.15491258,-110.6082676,,,2011-09-20,Stream/river,Spring,Benthic,Kick net,Aquarium net and 1/16 m2 quadrat; Sites Sage57&58,NA,0.625,100,100,717,
148388,SAGE,1,SAGE_061,2011,NA,15894278,"Mad-1, 2, 3, 4 ",SODN,AZ,32.15188088,-110.6023315,,,2011-09-22,Stream/river,Spring,Benthic,Kick net,Aquarium net and 1/16 m2 quadrat; Sites Mad61&63,NA,0.625,100,100,190,
148389,SAGE,1,SAGE_034,2011,NA,15894114,Sage 034,SODN,AZ,32.18718,-110.7115,,,2011-09-28,Stream/river,Spring,Benthic,Kick net,Aquarium net and 1/16 m2 quadrat; 4,NA,0.625,100,100,18,
148390,SAGE,1,SAGE_002,2011,NA,15894238,Devil's Bathtub,SODN,AZ,32.19662,-110.54569,,,2011-10-01,Stream/river,Spring,Benthic,Kick net,Aquarium net and 1/16 m2 quadrat; 5,NA,0.625,100,100,78,
148391,SAGE,2,SAGE_007,2011,NA,15894218,Manning Camp Reservoir,SODN,AZ,32.20758,-110.553809,,,2011-10-01,Stream/river,Spring,Benthic,Kick net,Aquarium net and 1/16 m2 quadrat; 6,NA,0.625,100,31.25,690,
148392,SAGE,1,SAGE_011,2011,NA,15921017,Mud Hole Spring,SODN,AZ,32.19618,-110.51468,,,2011-10-02,Stream/river,Spring,Benthic,Kick net,Aquarium net and 1/16 m2 quadrat; 7,NA,0.625,100,100,87,
148393,SAGE,1,SAGE_004,2011,NA,15894218,Mica Meadow Trail Seeps,SODN,AZ,32.21353,-110.54322,,,2011-10-03,Stream/river,Spring,Benthic,Kick net,Aquarium net and 1/16 m2 quadrat; 8,NA,0.188,100,100,51,
148394,SAGE,1,SAGE_006,2011,NA,15895214,Itilian Spring,SODN,AZ,32.22896,-110.53582,,,2011-10-04,Stream/river,Spring,Benthic,Kick net,Aquarium net and 1/16 m2 quadrat; 9,NA,0.188,100,100,19,
148395,SAGE,2,SAGE_005,2011,NA,15894218,Mica Meadow Trail Seeps,SODN,AZ,32.21353,-110.54322,,,2011-10-04,Stream/river,Spring,Benthic,Kick net,Aquarium net and 1/16 m2 quadrat; 10,NA,0.375,100,100,94,
148396,PECO,1,PECO,2011,NA,20814986,Pecos River,SOPN,NM,35.52447386,-105.6607639,,,2011-10-10,Stream/river,Riffle,Benthic,Kick net,11; Index-Riffle-Quan,NA,1.11,100,43.75,701,
148397,PECO,1,PECO,2011,NA,20814986,Pecos River,SOPN,NM,35.52447386,-105.6607639,,,2011-10-10,Stream/river,Multiple,Benthic,Kick net,12; Index- Multi-habitat qualitative,NA,NA,100,50,704,
148398,GICL,1,GICL,2011,NA,2430292,West Fork of Gila River,SODN,NM,33.22900772,-108.2628403,,,2011-10-12,Stream/river,Riffle,Benthic,Kick net,13; Index-Riffle-Quan,NA,1.11,100,50,632,
148399,GICL,1,GICL,2011,NA,2430292,West Fork of Gila River,SODN,NM,33.22900772,-108.2628403,,,2011-10-12,Stream/river,Multiple,Benthic,Kick net,14; Index- Multi-habitat qualitative,NA,NA,100,100,321,
148400,SAGE,1,SAGE_036,2011,NA,15894114,Sage 036,SODN,AZ,32.18702,-110.71324,,,2011-10-20,Stream/river,Spring,Benthic,Kick net,Aquarium net and 1/16 m2 quadrat; 15,NA,0.375,100,100,204,
148401,CORO,1,CORO_002,2011,NA,15934623,Fern Grotto,SODN,AZ,31.36254786,-110.2414851,,,2011-11-30,Stream/river,Spring,Benthic,Kick net,Aquarium net and 1/16 m2 quadrat,NA,0.25,100,100,56,
148402,MOWE,1,MOWE-001,2011,NA,20454068,Wet Beaver Creek at Montezuma Well,SODN,AZ,34.64564133,-111.7616196,,,2011-10-25,Stream/river,Multiple,Benthic,Kick net,Aquarium net and 1/16 m2 quadrat; 17,NA,0.625,100,100,422,
148403,MOCC,1,MOCC_001,2011,NA,20454224,Expansion Spring,SODN,AZ,34.61944,-111.82627,,,2011-10-26,Stream/river,Spring,Benthic,Kick net,Aquarium net and 1/16 m2 quadrat; 18,NA,0.625,100,100,81,
148404,TUZI,1,TUZI_ 00,2011,NA,20451674,Shea Spring,SODN,AZ,34.780015,-112.02212,,,2011-10-26,Stream/river,Spring,Benthic,Kick net,Aquarium net and 1/16 m2 quadrat; 19,NA,0.625,100,100,80,
148405,SAGE,1,SAGE_037,2011,NA,15894188,Loma 01a,SODN,AZ,32.19934623,-110.7019541,,,2011-10-31,Stream/river,Spring,Benthic,Kick net,Aquarium net and 1/16 m2 quadrat; 20,NA,0.438,100,50,667,
148406,SAGE,1,SAGE_038,2010,NA,15894188,Loma 01a,SODN,AZ,32.19934623,-110.7019541,,,2010-06-10,Stream/river,Spring,Benthic,Kick net,Aquarium net and 1/16 m2 quadrat,NA,0.25,100,100,113,
148407,SAGE,1,SAGE_030,2011,NA,15894174,Steel Tank Spring,SODN,AZ,32.216889,-110.67497,,,2011-11-01,Stream/river,Spring,Benthic,Kick net,Aquarium net and 1/16 m2 quadrat; 22,NA,0.625,100,75,777,
148408,SAGE,2,SAGE_097,2011,NA,15894174,Steel- 11,SODN,AZ,32.21704528,-110.6829752,,,2011-11-01,Stream/river,Spring,Benthic,Kick net,Aquarium net and 1/16 m2 quadrat,NA,0.375,100,100,232,
148409,SAGE,1,SAGE_327,2011,NA,15894174,Wild-19,SODN,AZ,32.20750041,-110.6793263,,,2011-11-02,Stream/river,Spring,Benthic,Kick net,Aquarium net and 1/16 m2 quadrat,NA,0.625,100,50,789,
148410,SAGE,1,SAGE_312,2011,NA,15894174,"Wild- 14, 15, 15a",SODN,AZ,32.20970146,-110.6828309,,,2011-11-08,Stream/river,Spring,Benthic,Kick net,Aquarium net and 1/16 m2 quadrat,NA,0.625,100,100,419,
148411,SAGE,2,SAGE_099,2011,NA,15894174,Wild 07,SODN,AZ,32.21283406,-110.6873193,,,2011-11-08,Stream/river,Spring,Benthic,Kick net,Aquarium net and 1/16 m2 quadrat,NA,0.313,100,100,105,
148412,SAGE,1,SAGE_089,2011,NA,15894266,RinN-18,SODN,AZ,32.15746654,-110.5696542,,,2011-11-09,Stream/river,Spring,Benthic,Kick net,Aquarium net and 1/16 m2 quadrat,NA,0.625,100,100,338,
148413,SAGE,2,SAGE_088,2011,NA,15894266,Sage 088,SODN,AZ,32.15267,-110.57081,,,2011-11-09,Stream/river,Spring,Benthic,Kick net,Aquarium net and 1/16 m2 quadrat; 28; Sites Sage088&268,NA,0.625,100,100,402,
148414,CHIR,1,CHIR_001,2011,NA,21261789,Superintentent Spring,SODN,AZ,32.00876,-109.36635,,,2011-11-14,Stream/river,Spring,Benthic,Kick net,Aquarium net and 1/16 m2 quadrat; 29,NA,0.625,100,100,391,
148415,CHIR,2,CHIR_003,2011,NA,21261793,Silver Spur Spring,SODN,AZ,32.0087,-109.35994,,,2011-11-14,Stream/river,Spring,Benthic,Kick net,Aquarium net and 1/16 m2 quadrat; 30,NA,0.625,100,100,166,
148416,CHIR,1,CHIR_013,2011,NA,21261807,Echo Trail Seep,SODN,AZ,32.00615665,-109.3236565,,,2011-11-15,Stream/river,Spring,Benthic,Kick net,Aquarium net and 1/16 m2 quadrat; 31,NA,0.625,100,100,64,
148417,CHIR,2,CHIR_009,2011,NA,21261757,Shake Spring,SODN,AZ,32.02173,-109.3389,,,2011-11-15,Stream/river,Spring,Benthic,Kick net,Aquarium net and 1/16 m2 quadrat; 32,NA,0.625,100,100,225,
148418,CHIR,3,CHIR_010,2011,NA,21261785,Roadside Spring,SODN,AZ,32.015606,-109.35352,,,2011-11-15,Stream/river,Spring,Benthic,Kick net,Aquarium net and 1/16 m2 quadrat; 33,NA,0.625,100,100,260,
148419,CHIR,1,CHIR_008,2011,NA,21261789,Bonita Park Spring,SODN,AZ,32.009513,-109.361514,,,2011-11-16,Stream/river,Spring,Benthic,Kick net,Aquarium net and 1/16 m2 quadrat; 34,NA,0.625,100,100,361,
148420,CHIR,2,CHIR_006,2011,NA,21261757,Bear Scat Spring,SODN,AZ,32.03474,-109.33195,,,2011-11-16,Stream/river,Spring,Benthic,Kick net,Aquarium net and 1/16 m2 quadrat; 35,NA,0.625,100,100,21,
148421,CHIR,1,CHIR_005,2011,NA,21261813,Garfield Spring,SODN,AZ,32.0014,-109.35812,,,2011-11-14,Stream/river,Spring,Benthic,Kick net,Aquarium net and 1/16 m2 quadrat; 36,NA,0.25,100,100,82,
148422,FOBO,1,FOBO_003,2011,NA,21307021,Apache Spring,SODN,AZ,32.14565,-109.44068,,,2011-11-17,Stream/river,Spring,Benthic,Kick net,Aquarium net and 1/16 m2 quadrat; 37,NA,0.625,100,100,179,
148423,FOBO,2,FOBO_001,2011,NA,21307021,Lower Mine Spring,SODN,AZ,32.14663,-109.44392,,,2011-11-17,Stream/river,Spring,Benthic,Kick net,Aquarium net and 1/16 m2 quadrat; 38,NA,0.625,100,100,129,
148424,FOBO,3,FOBO_002,2011,NA,21307039,Upper Mine Spring,SODN,AZ,32.146118,-109.43448,,,2011-11-17,Stream/river,Spring,Benthic,Kick net,Aquarium net and 1/16 m2 quadrat; 39,NA,0.375,100,100,75,
148425,SAGE,1,SAGE_081,2011,NA,15894266,RinN-18,SODN,AZ,32.15746654,-110.5696542,,,2011-11-22,Stream/river,Spring,Benthic,Kick net,Aquarium net and 1/16 m2 quadrat; 40,NA,0.625,100,100,569,
148426,SAGE,2,SAGE_077,2011,NA,15894274,Rin-5,SODN,AZ,32.14353583,-110.5718616,,,2011-11-22,Stream/river,Spring,Benthic,Kick net,Aquarium net and 1/16 m2 quadrat,NA,0.625,100,100,757,
148427,CORO,1,CORO_006,2011,NA,15934855,"Blue Waterfall, Site 1",SODN,AZ,31.3515,-110.25741,,,2011-11-28,Stream/river,Spring,Benthic,Kick net,Aquarium net and 1/16 m2 quadrat; 42,NA,0.25,100,100,29,
148428,CORO,2,CORO_007,2011,NA,15934855,Blue Waterfall Site 3,SODN,AZ,31.35032929,-110.2580677,,,2011-11-28,Stream/river,Spring,Benthic,Kick net,Aquarium net and 1/16 m2 quadrat,NA,0.25,100,100,5,
148429,CORO,1,CORO_017,2011,NA,15934611,Swallow Spring,SODN,AZ,31.36367145,-110.2847333,,,2011-11-30,Stream/river,Spring,Benthic,Kick net,Aquarium net and 1/16 m2 quadrat,NA,0.25,100,100,44,
148430,CORO,1,CORO_020,2011,NA,15934855,Spark’s Spring,SODN,AZ,31.34853822,-110.2730207,,,2011-12-01,Stream/river,Spring,Benthic,Kick net,Aquarium net and 1/16 m2 quadrat,NA,0.25,100,100,225,
148431,CORO,2,CORO_013,2011,NA,15934645,"Yaqui Canyon Complex, Site 3",SODN,AZ,31.34173,-110.28088,,,2011-12-01,Stream/river,Spring,Benthic,Kick net,Aquarium net and 1/16 m2 quadrat; 46,NA,0.188,100,100,11,
148432,CORO,3,CORO_011,2011,NA,15919765,"Yaqui Canyon Complex, Site 1",SODN,AZ,32.34421,-110.28227,,,2011-12-01,Stream/river,Spring,Benthic,Kick net,Aquarium net and 1/16 m2 quadrat; 47,NA,0.188,100,100,169,
148433,TONT,1,TONT_001,2011,NA,22439616,Cave Creek Spring,SODN,AZ,33.64138177,-111.113173,,,2011-12-05,Stream/river,Spring,Benthic,Kick net,Aquarium net and 1/16 m2 quadrat,NA,0.625,100,100,270,
148434,SAGE,1,SAGE_083,2011,NA,15894266,Sage 083,SODN,AZ,32.14859,-110.57039,,,2011-12-08,Stream/river,Spring,Benthic,Kick net,Aquarium net and 1/16 m2 quadrat; 49,NA,0.625,100,100,106,
148435,SAGE,2,SAGE_014,2011,NA,15894274,The Grotto,SODN,AZ,32.1375,-110.58401,,,2011-12-08,Stream/river,Spring,Benthic,Kick net,Aquarium net and 1/16 m2 quadrat; 50,NA,0.625,100,100,619,
148436,GICL,1,GICL,2008,NA,2430292,West Fork of Gila River,SODN,NM,33.22900772,-108.2628403,,,2008-10-09,Stream/river,Multiple,Benthic,Kick net,53; Index- Multi-habitat,NA,1.02,100,25,680,
148437,MOWE,1,MOWE,2008,NA,20454068,Wet Beaver Creek at Montezuma Well,SODN,AZ,34.64564133,-111.7616196,,,2008-10-15,Stream/river,Multiple,Benthic,Kick net,54; Index- Multi-habitat,NA,1.02,100,100,447,
148438,MOCC,1,MOCC,2008,NA,20454224,Beaver Creek,SODN,AZ,34.60811,-111.845,,,2008-10-16,Stream/river,Multiple,Benthic,Kick net,55; Index- Multi-habitat,NA,0.37,100,100,127,
148439,TUMM,1,TUMM,2008,NA,15905101,Santa Cruz River at southern boundary of Tumacacori NHP,SODN,AZ,31.56326103,-111.0456161,,,2008-11-12,Stream/river,Multiple,Benthic,Kick net,56; Index- Multi-habitat ; check that Lat/Long update transferred (-111 not -110),NA,1.02,100,100,173,
148440,TUMM,1,TUMM,2009,NA,15905101,Santa Cruz River at southern boundary of Tumacacori NHP,SODN,AZ,31.56326103,-111.0456161,,,2009-04-29,Stream/river,Multiple,Benthic,Kick net,57; Index- Multi-habitat,NA,1.02,100,100,1336,
148441,MOWE,1,MOWE,2009,NA,20454068,Wet Beaver Creek at Montezuma Well,SODN,AZ,34.64564133,-111.7616196,,,2009-05-06,Stream/river,Multiple,Benthic,Kick net,58; Index- Multi-habitat,NA,1.02,100,37.5,625,
148442,MOCC,1,MOCC,2009,NA,20454224,Beaver Creek,SODN,AZ,34.60811,-111.845,,,2009-05-06,Stream/river,Multiple,Benthic,Kick net,59; Index- Multi-habitat,NA,1.02,100,37.5,748,
148443,GICL,1,GICL,2009,NA,2430292,West Fork of Gila River,SODN,NM,33.22900772,-108.2628403,,,2009-05-18,Stream/river,Multiple,Benthic,Kick net,60; Index- Multi-habitat,NA,1.02,100,25,969,
148568,TUMM,1,TUMM,2012,NA,15905101,Santa Cruz River at southern boundary of Tumacacori NHP,SODN,AZ,31.56326103,-111.0456161,,,2012-05-08,Stream/river,Riffle,Benthic,Kick net,NA,NA,1.11,100,31.25,676,
148569,TUMM,1,TUMM_Qual,2012,NA,15905101,Santa Cruz River at southern boundary of Tumacacori NHP,SODN,AZ,31.56326103,-111.0456161,,,2012-05-08,Stream/river,Multiple,Benthic,Kick net,NA,NA,NA,100,6.25,785,
148570,MOCC,1,MOCC,2012,NA,20454224,Beaver Creek at Montezuma Castle NM,SODN,AZ,34.61528778,-111.8371735,,,2012-05-21,Stream/river,Riffle,Benthic,Kick net,NA,NA,1.11,100,37.5,1145,
148571,MOCC,1,MOCC_Qual,2012,NA,20454224,Beaver Creek at Montezuma Castle NM,SODN,AZ,34.61528778,-111.8371735,,,2012-05-21,Stream/river,Multiple,Benthic,Kick net,NA,NA,NA,100,25,920,
148572,MOWE,1,MOWE,2012,NA,20454068,Wet Beaver Creek at Montezuma Well,SODN,AZ,34.64564133,-111.7616196,,,2012-05-22,Stream/river,Riffle,Benthic,Kick net,NA,NA,1.11,100,37.5,640,
148573,MOWE,1,MOWE_Qual,2012,NA,20454068,Wet Beaver Creek at Montezuma Well,SODN,AZ,34.64564133,-111.7616196,,,2012-05-22,Stream/river,Multiple,Benthic,Kick net,NA,NA,NA,100,31.25,662,
148574,TUZI,1,TUZI,2012,NA,20451706,Verde River,SODN,AZ,34.76639938,-112.025177,,,2012-05-23,Stream/river,Riffle,Benthic,Kick net,NA,NA,1.11,100,12.5,754,
148575,TUZI,1,TUZI_Qual,2012,NA,20451706,Verde River,SODN,AZ,34.76639938,-112.025177,,,2012-05-23,Stream/river,Multiple,Benthic,Kick net,NA,NA,NA,100,31.25,808,
149955,PECO,1,PECO,2012,NA,20814986,Pecos River,SOPN,NM,35.52447386,-105.6607639,,,2012-10-05,Stream/river,Riffle,Benthic,Kick net,NA,NA,1.11,100,25,683,
149956,PECO,2,PECO,2012,NA,20814986,Pecos River,SOPN,NM,35.52447386,-105.6607639,,,2012-10-05,Stream/river,Riffle,Benthic,Kick net,NA,NA,NA,100,12.5,770,
149957,GICL,1,GICL,2012,NA,2430292,West Fork of Gila River,SODN,NM,33.22900772,-108.2628403,,,2012-10-10,Stream/river,Riffle,Benthic,Kick net,NA,NA,1.11,100,37.5,681,
149958,GICL,2,GICL,2012,NA,2430292,West Fork of Gila River,SODN,NM,33.22900772,-108.2628403,,,2012-10-10,Stream/river,Riffle,Benthic,Kick net,NA,NA,NA,100,50,695,
150742,BEOL,1,BEOL,2013,NA,976202,Arkansas River at Bent's Old Fort NHS,SOPN,CO,38.03868954,-103.4279893,,,2013-06-05,Stream/river,Multiple,Benthic,Kick net,"This sample is semi quantitative. It follows the Arkansas state protocol for sandy bottom streams. Bank margins, macrophytes and woodt debris was samples for 1 minute, covering an area of ~1.0m^2.",NA,1,100,50,843,
150743,BEOL,2,BEOL,2013,NA,976202,Arkansas River at Bent's Old Fort NHS,SOPN,CO,38.03868954,-103.4279893,,,2013-06-05,Stream/river,Multiple,Benthic,Kick net,NA,NA,NA,100,18.75,652,
150744,TUMM,1,TUMM,2013,NA,15905101,Santa Cruz River at southern boundary of Tumacacori NHP,SODN,AZ,31.56326103,-111.0456161,,,2013-05-21,Stream/river,Riffle,Benthic,Kick net,NA,NA,1.11,100,18.75,717,
150745,TUMM,1,TUMM,2013,NA,15905101,Santa Cruz River at southern boundary of Tumacacori NHP,SODN,AZ,31.56326103,-111.0456161,,,2013-05-21,Stream/river,Multiple,Benthic,Kick net,NA,NA,NA,100,9.38,663,
150746,MOCC,1,MOCC,2013,NA,20454224,Beaver Creek at Montezuma Castle NM,SODN,AZ,34.61528778,-111.8371735,,,2013-05-27,Stream/river,Riffle,Benthic,Kick net,NA,NA,1.11,100,15.63,751,
150747,MOCC,1,MOCC,2013,NA,20454224,Beaver Creek at Montezuma Castle NM,SODN,AZ,34.61528778,-111.8371735,,,2013-05-27,Stream/river,Multiple,Benthic,Kick net,NA,NA,NA,100,50,599,
150748,MOWE,1,MOWE,2013,NA,20454068,Wet Beaver Creek at Montezuma Well,SODN,AZ,34.64564133,-111.7616196,,,2013-05-28,Stream/river,Riffle,Benthic,Kick net,NA,NA,1.11,100,12.5,1298,
150749,MOWE,1,MOWE,2013,NA,20454068,Wet Beaver Creek at Montezuma Well,SODN,AZ,34.64564133,-111.7616196,,,2013-05-28,Stream/river,Multiple,Benthic,Kick net,NA,NA,NA,100,12.5,758,
150750,TUZI,1,TUZI,2013,NA,20451706,Verde River,SODN,AZ,34.76639938,-112.025177,,,2013-05-29,Stream/river,Riffle,Benthic,Kick net,NA,NA,1.11,100,12.5,683,
150751,TUZI,1,TUZI,2013,NA,20451706,Verde River,SODN,AZ,34.76639938,-112.025177,,,2013-05-29,Stream/river,Multiple,Benthic,Kick net,NA,NA,NA,100,7.82,736,
152436,PECO,1,PECO,2013,NA,20814986,Pecos River,SOPN,NM,35.52447386,-105.6607639,,,2013-10-27,Stream/river,Riffle,Benthic,Kick net,NA,NA,1.11,100,50,748,
152437,PECO,1,PECO,2013,NA,20814986,Pecos River,SOPN,NM,35.52447386,-105.6607639,,,2013-10-27,Stream/river,Multiple,Benthic,Kick net,NA,NA,NA,100,50,698,
152438,GICL,1,GICL,2013,NA,2430292,West Fork of Gila River,SODN,NM,33.22900772,-108.2628403,,,2013-10-29,Stream/river,Riffle,Benthic,Kick net,NA,NA,1.11,100,21.88,634,
152439,GICL,1,GICL,2013,NA,2430292,West Fork of Gila River,SODN,NM,33.22900772,-108.2628403,,,2013-10-30,Stream/river,Multiple,Benthic,Kick net,NA,NA,NA,100,9.38,645,
153051,BEOL,1,BEOL,2014,NA,976202,Arkansas River at Bent's Old Fort NHS,SOPN,CO,38.03868954,-103.4279893,,,2014-05-12,Stream/river,Multiple,Benthic,Kick net,"This sample is semi quantitative. It follows the Arkansas state protocol for sandy bottom streams. Bank margins, macrophytes and woodt debris was samples for 1 minute, covering an area of ~1.0m^2.",NA,1,100,100,51,
153052,BEOL,2,BEOL,2014,NA,976202,Arkansas River at Bent's Old Fort NHS,SOPN,CO,38.03868954,-103.4279893,,,2014-05-12,Stream/river,Multiple,Benthic,Kick net,NA,NA,NA,100,100,400,
153053,TUMM,1,TUMM,2014,NA,15905101,Santa Cruz River at southern boundary of Tumacacori NHP,SODN,AZ,31.56326103,-111.0456161,,,2014-05-21,Stream/river,Riffle,Benthic,Kick net,NA,NA,1.11,100,15.63,628,
153054,TUMM,1,TUMM,2014,NA,15905101,Santa Cruz River at southern boundary of Tumacacori NHP,SODN,AZ,31.56326103,-111.0456161,,,2014-05-21,Stream/river,Multiple,Benthic,Kick net,NA,NA,NA,100,4.69,605,
153055,MOCC,1,MOCC,2014,NA,20454224,Beaver Creek at Montezuma Castle NM,SODN,AZ,34.61528778,-111.8371735,,,2014-05-26,Stream/river,Riffle,Benthic,Kick net,NA,NA,1.11,100,12.5,620,
153056,MOCC,1,MOCC,2014,NA,20454224,Beaver Creek at Montezuma Castle NM,SODN,AZ,34.61528778,-111.8371735,,,2014-05-26,Stream/river,Multiple,Benthic,Kick net,NA,NA,NA,100,21.88,621,
153057,MOWE,1,MOWE,2014,NA,20454068,Wet Beaver Creek,SODN,AZ,34.6478241,-111.7514799,,,2014-05-27,Stream/river,Riffle,Benthic,Kick net,NA,NA,1.11,100,25,651,
153058,MOWE,1,MOWE,2014,NA,20454068,Wet Beaver Creek,SODN,AZ,34.6478241,-111.7514799,,,2014-05-27,Stream/river,Multiple,Benthic,Kick net,NA,NA,NA,100,18.75,731,
153059,TUZI,1,TUZI,2014,NA,20451706,Verde River,SODN,AZ,34.76639938,-112.025177,,,2014-05-28,Stream/river,Riffle,Benthic,Kick net,NA,NA,1.11,100,6.25,666,
153060,TUZI,1,TUZI,2014,NA,20451706,Verde River,SODN,AZ,34.76639938,-112.025177,,,2014-05-28,Stream/river,Multiple,Benthic,Kick net,NA,NA,NA,100,6.25,746,
153825,PECO,1,PECO,2014,NA,20814986,Pecos River,SOPN,NM,35.52447386,-105.6607639,,,2014-10-05,Stream/river,Riffle,Benthic,Kick net,NA,NA,1.11,100,25,673,
153826,PECO,1,PECO,2014,NA,20814986,Pecos River,SOPN,NM,35.52447386,-105.6607639,,,2014-10-05,Stream/river,Multiple,Benthic,Kick net,NA,NA,NA,100,14.06,664,
153827,GICL,1,GICL,2014,NA,2430292,West Fork of Gila River,SODN,NM,33.22900772,-108.2628403,,,2014-10-29,Stream/river,Riffle,Benthic,Kick net,NA,NA,1.11,100,59.38,602,
153828,GICL,1,GICL,2014,NA,2430292,West Fork of Gila River,SODN,NM,33.22900772,-108.2628403,,,2014-10-29,Stream/river,Multiple,Benthic,Kick net,NA,NA,NA,100,12.5,612,
156115,MOWE,1,MOWE,2015,NA,20454068,Wet Beaver Creek at Montezuma Well,SODN,AZ,34.64564133,-111.7616196,,,2015-06-02,Stream/river,Multiple,Benthic,Kick net,NA,NA,1.11,100,35,519,
156116,MOWE,1,MOWE,2015,NA,20454068,Wet Beaver Creek at Montezuma Well,SODN,AZ,34.64564133,-111.7616196,,,2015-06-02,Stream/river,Riffle,Benthic,Kick net,NA,NA,NA,100,25,654,
156117,MOCC,1,MOCC,2015,NA,20454224,Beaver Creek at Montezuma Castle NM,SODN,AZ,34.61528778,-111.8371735,,,2015-06-03,Stream/river,Multiple,Benthic,Kick net,NA,NA,1.11,100,18.75,812,
156118,MOCC,1,MOCC,2015,NA,20454224,Beaver Creek at Montezuma Castle NM,SODN,AZ,34.61528778,-111.8371735,,,2015-06-03,Stream/river,Riffle,Benthic,Kick net,NA,NA,NA,100,15.63,630,
156119,TUZI,1,TUZI,2015,NA,20451706,Verde River,SODN,AZ,34.76639938,-112.025177,,,2015-06-04,Stream/river,Multiple,Benthic,Kick net,NA,NA,1.11,100,17.19,586,
156120,TUZI,1,TUZI,2015,NA,20451706,Verde River,SODN,AZ,34.76639938,-112.025177,,,2015-06-04,Stream/river,Riffle,Benthic,Kick net,NA,NA,NA,100,12.5,581,
156121,TUMM,1,TUMM,2015,NA,15905101,Santa Cruz River at southern boundary of Tumacacori NHP,SODN,AZ,31.56326103,-111.0456161,,,2015-06-09,Stream/river,Multiple,Benthic,Kick net,NA,NA,1.11,100,100,226,
156122,TUMM,1,TUMM,2015,NA,15905101,Santa Cruz River at southern boundary of Tumacacori NHP,SODN,AZ,31.56326103,-111.0456161,,,2015-06-09,Stream/river,Riffle,Benthic,Kick net,NA,NA,NA,100,18.75,551,
156701,PECO,1,PECO,2015,NA,20814986,Pecos River,SOPN,NM,35.52447386,-105.6607639,,,2015-11-02,Stream/river,Riffle,Benthic,Kick net,NA,NA,1.11,100,34.38,637,
156702,PECO,1,PECO,2015,NA,20814986,Pecos River,SOPN,NM,35.52447386,-105.6607639,,,2015-11-02,Stream/river,Multiple,Benthic,Kick net,NA,NA,NA,100,18.75,731,
156703,GICL,1,GICL,2015,NA,2430292,West Fork of Gila River,SODN,NM,33.22900772,-108.2628403,,,2015-11-10,Stream/river,Riffle,Benthic,Kick net,NA,NA,1.11,100,75,638,
156704,GICL,1,GICL,2015,NA,2430292,West Fork of Gila River,SODN,NM,33.22900772,-108.2628403,,,2015-11-11,Stream/river,Multiple,Benthic,Kick net,NA,NA,NA,100,25,604,
158189,GICL,1,GICL,2016,NA,2430292,West Fork of Gila River,SODN,NM,33.22900772,-108.2628403,,,2016-10-18,Stream/river,Riffle,Benthic,Kick net,NA,NA,1.11,100,62.5,689,
158190,GICL,1,GICL,2016,NA,2430292,West Fork of Gila River,SODN,NM,33.22900772,-108.2628403,,,2016-10-19,Stream/river,Multiple,Benthic,Kick net,NA,NA,NA,100,56.25,523,
158191,PECO,1,PECO,2016,NA,20814986,Pecos River,SOPN,NM,35.52447386,-105.6607639,,,2016-11-10,Stream/river,Riffle,Benthic,Kick net,NA,NA,1.11,100,21.88,683,
158192,PECO,1,PECO,2016,NA,20814986,Pecos River,SOPN,NM,35.52447386,-105.6607639,,,2016-11-11,Stream/river,Multiple,Benthic,Kick net,NA,NA,NA,100,9.38,664,
158334,BEOL,1,BEOL,2016,NA,976202,Arkansas River at Bent's Old Fort NHS,SOPN,CO,38.03868954,-103.4279893,,,2016-05-02,Stream/river,Riffle,Benthic,Kick net,"This sample is semi quantitative. It follows the Arkansas state protocol for sandy bottom streams. Bank margins, macrophytes and woodt debris was samples for 1 minute, covering an area of ~1.0m^2.",NA,1,100,100,4,
158335,BEOL,1,BEOL,2016,NA,976202,Arkansas River at Bent's Old Fort NHS,SOPN,CO,38.03868954,-103.4279893,,,2016-05-02,Stream/river,Multiple,Benthic,Kick net,-5555 code indicates unknown total net area. sample was reach-wide,NA,NA,100,87.5,584,
158336,TUMM,1,TUMM,2016,NA,15905101,Santa Cruz River at southern boundary of Tumacacori NHP,SODN,AZ,31.56326103,-111.0456161,,,2016-05-17,Stream/river,Riffle,Benthic,Kick net,NA,NA,1.11,100,100,633,
158337,TUMM,1,TUMM,2016,NA,15905101,Santa Cruz River at southern boundary of Tumacacori NHP,SODN,AZ,31.56326103,-111.0456161,,,2016-05-07,Stream/river,Multiple,Benthic,Kick net,-5555 code indicates unknown total net area. sample was reach-wide,NA,NA,100,29.69,540,
158338,MOWE,1,MOWE,2016,NA,20454068,Wet Beaver Creek at Montezuma Well,SODN,AZ,34.64564133,-111.7616196,,,2016-05-20,Stream/river,Riffle,Benthic,Kick net,NA,NA,1.11,100,14.07,623,
158339,MOWE,1,MOWE,2016,NA,20454068,Wet Beaver Creek at Montezuma Well,SODN,AZ,34.64564133,-111.7616196,,,2016-05-20,Stream/river,Multiple,Benthic,Kick net,-5555 code indicates unknown total net area. sample was reach-wide,NA,NA,100,3.91,605,
158340,MOCC,1,MOCC,2016,NA,20454224,Beaver Creek at Montezuma Castle NM,SODN,AZ,34.61528778,-111.8371735,,,2016-05-21,Stream/river,Riffle,Benthic,Kick net,NA,NA,1.11,100,6.25,610,
158341,MOCC,1,MOCC,2016,NA,20454224,Beaver Creek at Montezuma Castle NM,SODN,AZ,34.61528778,-111.8371735,,,2016-05-21,Stream/river,Multiple,Benthic,Kick net,-5555 code indicates unknown total net area. sample was reach-wide,NA,NA,100,12.5,778,
158342,TUZI,1,TUZI,2016,NA,20451706,Verde River,SODN,AZ,34.76639938,-112.025177,,,2016-05-22,Stream/river,Riffle,Benthic,Kick net,NA,NA,1.11,100,9.37,692,
158343,TUZI,1,TUZI,2016,NA,20451706,Verde River,SODN,AZ,34.76639938,-112.025177,,,2016-05-22,Stream/river,Multiple,Benthic,Kick net,-5555 code indicates unknown total net area. sample was reach-wide,NA,NA,100,7.81,614,
164122,TUMM,1,1,2017,NA,15905101,Santa Cruz River at southern boundary of Tumacacori NHP,SODN,AZ,31.56326103,-111.0456161,,,2017-05-15,Stream/river,Riffle,Benthic,Kick net,NA,NA,1.11,100,50,634,
164123,TUMM,1,1,2017,NA,15905101,Santa Cruz River at southern boundary of Tumacacori NHP,SODN,AZ,31.56326103,-111.0456161,,,2017-05-15,Stream/river,Multiple,Benthic,Kick net,NA,NA,NA,100,50,619,
164124,MOCC,1,2,2017,NA,20454224,Beaver Creek at Montezuma Castle NM,SODN,AZ,34.61528778,-111.8371735,,,2017-05-18,Stream/river,Riffle,Benthic,Kick net,NA,NA,1.11,100,1.5,623,
164125,MOCC,1,2,2017,NA,20454224,Beaver Creek at Montezuma Castle NM,SODN,AZ,34.61528778,-111.8371735,,,2017-05-19,Stream/river,Multiple,Benthic,Kick net,NA,NA,NA,100,12.5,622,
164126,MOWE,1,3,2017,NA,20454068,Wet Beaver Creek at Montezuma Well,SODN,AZ,34.64564133,-111.7616196,,,2017-05-19,Stream/river,Riffle,Benthic,Kick net,NA,NA,1.11,100,6.25,646,
164127,MOWE,1,3,2017,NA,20454068,Wet Beaver Creek at Montezuma Well,SODN,AZ,34.64564133,-111.7616196,,,2017-05-20,Stream/river,Multiple,Benthic,Kick net,NA,NA,NA,100,12.5,803,
164128,TUZI,1,4,2017,NA,20451706,Verde River,SODN,AZ,34.76639938,-112.025177,,,2017-05-21,Stream/river,Riffle,Benthic,Kick net,NA,NA,1.11,100,12.5,714,
164129,TUZI,1,4,2017,NA,20451706,Verde River,SODN,AZ,34.76639938,-112.025177,,,2017-05-21,Stream/river,Multiple,Benthic,Kick net,NA,NA,NA,100,7.81,846,
164816,GICL,1,GICL,2017,NA,2430292,West Fork of Gila River,SODN,NM,33.22900772,-108.2628403,,,2017-10-16,Stream/river,Riffle,Benthic,Kick net,NA,NA,1.11,100,18.75,936,
164817,GICL,1,GICL,2017,NA,2430292,West Fork of Gila River,SODN,NM,33.22900772,-108.2628403,,,2017-10-16,Stream/river,Multiple,Benthic,Kick net,NA,NA,NA,100,50,647,
167663,TUMM,1,1,2018,NA,15905101,Santa Cruz River at southern boundary of Tumacacori NHP,SODN,AZ,31.56326103,-111.0456161,,,2018-05-14,Stream/river,Riffle,Benthic,Kick net,NA,NA,1.11,100,62.5,749,
167664,TUMM,1,2,2018,NA,15905101,Santa Cruz River at southern boundary of Tumacacori NHP,SODN,AZ,31.56326103,-111.0456161,,,2018-05-14,Stream/river,Multiple,Benthic,Kick net,NA,NA,NA,100,12.5,865,
167665,MOWE,1,3,2018,NA,20454068,Wet Beaver Creek at Montezuma Well,SODN,AZ,34.64564133,-111.7616196,,,2018-05-17,Stream/river,Riffle,Benthic,Kick net,NA,NA,1.11,100,72.5,723,
167666,MOWE,1,4,2018,NA,20454068,Wet Beaver Creek at Montezuma Well,SODN,AZ,34.64564133,-111.7616196,,,2018-05-18,Stream/river,Multiple,Benthic,Kick net,NA,NA,NA,100,7.03,584,
167667,MOCC,1,5,2018,NA,20454224,Beaver Creek at Montezuma Castle NM,SODN,AZ,34.61528778,-111.8371735,,,2018-05-18,Stream/river,Riffle,Benthic,Kick net,NA,NA,1.11,100,56.25,770,
167668,MOCC,1,6,2018,NA,20454224,Beaver Creek at Montezuma Castle NM,SODN,AZ,34.61528778,-111.8371735,,,2018-05-18,Stream/river,Multiple,Benthic,Kick net,NA,NA,NA,100,6.25,616,
167669,TUZI,1,7,2018,NA,20451706,Verde River,SODN,AZ,34.76639938,-112.025177,,,2018-05-19,Stream/river,Riffle,Benthic,Kick net,NA,NA,1.11,100,62.5,652,
167670,TUZI,1,8,2018,NA,20451706,Verde River,SODN,AZ,34.76639938,-112.025177,,,2018-05-19,Stream/river,Multiple,Benthic,Kick net,NA,NA,NA,100,6.25,642,
168220,GICL,1,GICL,2018,NA,2430292,West Fork of Gila River,SODN,NM,33.22900772,-108.2628403,,,2018-10-17,Stream/river,Riffle,Benthic,Kick net,NA,NA,NA,100,34.38,655,
168221,GICL,1,GICL,2018,NA,2430292,West Fork of Gila River,SODN,NM,33.22900772,-108.2628403,,,2018-10-17,Stream/river,Multiple,Benthic,Kick net,NA,NA,1,100,37.5,637,
169290,TUMM,1,TUMM,2019,NA,15905101,Santa Cruz River at southern boundary of Tumacacori NHP,SODN,AZ,31.56326103,-111.0456161,,,2019-05-13,Stream/river,Riffle,Benthic,Kick net,NA,NA,NA,100,25,621,
169291,TUMM,1,TUMM,2019,NA,15905101,Santa Cruz River at southern boundary of Tumacacori NHP,SODN,AZ,31.56326103,-111.0456161,,,2019-05-13,Stream/river,Multiple,Benthic,Kick net,NA,NA,1,100,12.5,822,
169292,MOWE,1,MOWE,2019,NA,20454068,Wet Beaver Creek at Montezuma Well,SODN,AZ,34.64564133,-111.7616196,,,2019-05-17,Stream/river,Riffle,Benthic,Kick net,NA,NA,NA,100,15.63,707,
169293,MOWE,1,MOWE,2019,NA,20454068,Wet Beaver Creek at Montezuma Well,SODN,AZ,34.64564133,-111.7616196,,,2019-05-17,Stream/river,Multiple,Benthic,Kick net,NA,NA,1,100,6.25,631,
169294,MOCC,1,MOCC,2019,NA,20454224,Beaver Creek at Montezuma Castle NM,SODN,AZ,34.61528778,-111.8371735,,,2019-05-18,Stream/river,Riffle,Benthic,Kick net,NA,NA,NA,100,12.5,637,
169295,MOCC,1,MOCC,2019,NA,20454224,Beaver Creek at Montezuma Castle NM,SODN,AZ,34.61528778,-111.8371735,,,2019-05-18,Stream/river,Multiple,Benthic,Kick net,NA,NA,1,100,25,610,
169296,TUZI,1,TUZI,2019,NA,20451706,Verde River,SODN,AZ,34.76639938,-112.025177,,,2019-06-04,Stream/river,Riffle,Benthic,Kick net,NA,NA,NA,100,25,1252,
169297,TUZI,1,TUZI,2019,NA,20451706,Verde River,SODN,AZ,34.76639938,-112.025177,,,2019-06-04,Stream/river,Multiple,Benthic,Kick net,NA,NA,1,100,7.81,780,
171051,GICL,1,1,2019,NA,2430292,West Fork of Gila River,SODN,NM,33.22900772,-108.2628403,,,2019-10-16,Stream/river,Riffle,Benthic,Kick net,NA,NA,1.11,100,15.63,624,
171052,GICL,1,2,2019,NA,2430292,West Fork of Gila River,SODN,NM,33.22900772,-108.2628403,,,2019-10-16,Stream/river,Multiple,Benthic,Kick net,NA,NA,NA,100,28.13,502,
171666,TUMM,1,1,2020,NA,15905101,Santa Cruz River at southern boundary of Tumacacori NHP,SODN,AZ,31.56326103,-111.0456161,,,2020-05-20,Stream/river,Riffle,Benthic,Kick net,NA,NA,1.11,100,50,933,
171667,TUMM,1,2,2020,NA,15905101,Santa Cruz River at southern boundary of Tumacacori NHP,SODN,AZ,31.56326103,-111.0456161,,,2020-05-20,Stream/river,Multiple,Benthic,Kick net,NA,NA,NA,100,21.88,595,
172807,GICL,1,1,2020,NA,2430292,West Fork of Gila River,SODN,NM,33.22900772,-108.2628403,,,2020-10-14,Stream/river,Riffle,Benthic,Kick net,NA,NA,1.11,100,50,719,
172808,GICL,1,2,2020,NA,2430292,West Fork of Gila River,SODN,NM,33.22900772,-108.2628403,,,2020-10-14,Stream/river,Multiple,Benthic,Kick net,NA,NA,NA,100,45.31,686,
176678,TUMM,1,TUMM,2021,NA,15905101,Santa Cruz River at southern boundary of Tumacacori NHP,SODN,AZ,31.56326103,-111.0456161,,,2021-05-13,Stream/river,Riffle,Benthic,Kick net,NA,NA,1.11,100,78.13,596,
176679,TUMM,1,TUMM,2021,NA,15905101,Santa Cruz River at southern boundary of Tumacacori NHP,SODN,AZ,31.56326103,-111.0456161,,,2021-05-13,Stream/river,Multiple,Benthic,Kick net,NA,NA,NA,100,37.5,593,
176680,MOWE,1,MOWE,2021,NA,20454068,Wet Beaver Creek at Montezuma Well,SODN,AZ,34.64564133,-111.7616196,,,2021-05-19,Stream/river,Riffle,Benthic,Kick net,NA,NA,1.11,100,18.75,606,
176681,MOWE,1,MOWE,2021,NA,20454068,Wet Beaver Creek at Montezuma Well,SODN,AZ,34.64564133,-111.7616196,,,2021-05-18,Stream/river,Multiple,Benthic,Kick net,NA,NA,NA,100,6.25,703,
176682,MOCC,1,MOCC,2021,NA,20454224,Beaver Creek at Montezuma Castle NM,SODN,AZ,34.61528778,-111.8371735,,,2021-05-19,Stream/river,Riffle,Benthic,Kick net,NA,NA,1.11,100,56.25,677,
176683,MOCC,1,MOCC,2021,NA,20454224,Beaver Creek at Montezuma Castle NM,SODN,AZ,34.61528778,-111.8371735,,,2021-05-20,Stream/river,Multiple,Benthic,Kick net,NA,NA,NA,100,25,730,
176684,TUZI,1,TUZI,2021,NA,20451706,Verde River,SODN,AZ,34.76639938,-112.025177,,,2021-05-21,Stream/river,Riffle,Benthic,Kick net,NA,NA,1.11,100,18.75,823,
176685,TUZI,1,TUZI,2021,NA,20451706,Verde River,SODN,AZ,34.76639938,-112.025177,,,2021-05-21,Stream/river,Multiple,Benthic,Kick net,NA,NA,NA,100,6.25,710,
178752,GICL,1,GICL-1,2021,NA,2430292,West Fork of Gila River,SODN,NM,33.22900772,-108.2628403,,,2021-10-18,Stream/river,Riffle,Benthic,Kick net,NA,NA,1.11,100,100,851,01/12/2022
178753,GICL,1,GICL-1,2021,NA,2430292,West Fork of Gila River,SODN,NM,33.22900772,-108.2628403,,,2021-10-18,Stream/river,Multiple,Benthic,Kick net,Sample split into multiple bottles.,NA,1,100,18.75,637,01/24/2022
188984,TUMM,1,TUMM-1,2022,NA,15905101,Santa Cruz River at southern boundary of Tumacacori NHP,SODN,AZ,31.56326103,-111.0456161,31.56326103,-111.0456161,2022-05-09,Stream/river,Riffle,Benthic,Kick net,NA,NA,NA,100,100,158,08/29/2022
188985,TUMM,1,TUMM-1,2022,NA,15905101,Santa Cruz River at southern boundary of Tumacacori NHP,SODN,AZ,31.56326103,-111.0456161,31.56326103,-111.0456161,2022-05-09,Stream/river,Multiple,Benthic,Kick net,NA,NA,1,100,24.463,602,10/24/2022
188986,MOWE,1,MOWE-1,2022,NA,20454068,Wet Beaver Creek at Montezuma Well,SODN,AZ,34.64564133,-111.7616196,34.64564133,-111.7616196,2022-05-23,Stream/river,Riffle,Benthic,Kick net,NA,NA,NA,100,25,792,10/06/2022
188987,MOWE,1,MOWE-1,2022,NA,20454068,Wet Beaver Creek at Montezuma Well,SODN,AZ,34.64564133,-111.7616196,34.64564133,-111.7616196,2022-05-24,Stream/river,Multiple,Benthic,Kick net,NA,a 6.25% split of the samples was somewhat compromised when it fell on the floor. gathered most of it back into the cup,1,100,18.75,615,10/26/2022
188988,MOCC,1,MOCC,2022,NA,20454224,Beaver Creek at Montezuma Castle NM,SODN,AZ,34.61528778,-111.8371735,34.61528778,-111.8371735,2022-05-24,Stream/river,Riffle,Benthic,Kick net,NA,NA,NA,100,6.25,778,10/12/2022
188989,MOCC,1,MOCC,2022,NA,20454224,Beaver Creek at Montezuma Castle NM,SODN,AZ,34.61528778,-111.8371735,34.61528778,-111.8371735,2022-05-24,Stream/river,Multiple,Benthic,Kick net,NA,NA,1,100,25,522,10/21/2022
188990,TUZI,1,TUZI-1,2022,NA,20451706,Verde River,SODN,AZ,34.76639938,-112.025177,34.76639938,-112.025177,2022-05-25,Stream/river,Riffle,Benthic,Kick net,NA,NA,NA,100,25,669,10/12/2022
188991,TUZI,1,TUZI-1,2022,NA,20451706,Verde River,SODN,AZ,34.76639938,-112.025177,34.76639938,-112.025177,2022-05-25,Stream/river,Multiple,Benthic,Kick net,NA,NA,1,100,15.625,547,10/26/2022
210535,GICL,1,GICL-1,2022,NA,2430292,West Fork of Gila River,SODN,NM,33.22900772,-108.2628403,33.22900772,-108.2628403,2022-11-02,Stream/river,Riffle,Benthic,Kick net,NA,NA,NA,100,100,343,12/27/2022
210536,GICL,1,GICL-1,2022,NA,2430292,West Fork of Gila River,SODN,NM,33.22900772,-108.2628403,33.22900772,-108.2628403,2022-11-02,Stream/river,Multiple,Benthic,Kick net,NA,pre-elutriated to 2 jars,1,100,100,601,12/27/2022
213001,TUMM,1,TUMM,2023,NA,15905101,Santa Cruz River at southern boundary of Tumacacori NHP,SODN,AZ,31.56326103,-111.0456161,31.56326103,-111.0456161,2023-05-16,Stream/river,Multiple,Benthic,Kick net,NA,NA,NA,100,5.27642,710,09/07/2023
213002,MOWE,1,MOWE,2023,NA,20454068,Wet Beaver Creek at Montezuma Well,SODN,AZ,34.64564133,-111.7616196,34.64564133,-111.7616196,2023-05-30,Stream/river,Riffle,Benthic,Kick net,NA,NA,1,100,33,729,09/06/2023
213003,MOWE,1,MOWE,2023,NA,20454068,Wet Beaver Creek at Montezuma Well,SODN,AZ,34.64564133,-111.7616196,34.64564133,-111.7616196,2023-05-30,Stream/river,Multiple,Benthic,Kick net,NA,NA,NA,100,5.27642,622,09/12/2023
213004,MOCC,1,MOCC,2023,NA,20454224,Beaver Creek at Montezuma Castle NM,SODN,AZ,34.61528778,-111.8371735,34.61528778,-111.8371735,2023-05-31,Stream/river,Riffle,Benthic,Kick net,NA,NA,1,100,22.8582,648,09/13/2023
213005,MOCC,1,MOCC,2023,NA,20454224,Beaver Creek at Montezuma Castle NM,SODN,AZ,34.61528778,-111.8371735,34.61528778,-111.8371735,2023-05-31,Stream/river,Multiple,Benthic,Kick net,NA,NA,NA,100,24,622,09/08/2023
213006,TUZI,1,TUZI,2023,NA,20451706,Verde River,SODN,AZ,34.76639938,-112.025177,34.76639938,-112.025177,2023-06-01,Stream/river,Riffle,Benthic,Kick net,NA,NA,1,100,5.27642,606,09/08/2023
213007,TUZI,1,TUZI,2023,NA,20451706,Verde River,SODN,AZ,34.76639938,-112.025177,34.76639938,-112.025177,2023-06-01,Stream/river,Multiple,Benthic,Kick net,NA,NA,NA,100,12.3864,623,09/06/2023
218326,MOCC,1,MOCC,2024,NA,20454224,Beaver Creek at Montezuma Castle NM,SODN,AZ,34.61528778,-111.8371735,34.6153,-111.8372252,2024-06-25,Stream/river,Riffle,Benthic,Kick net,NA,NA,1.11,100,35.244,585,09/10/2024
218327,MOCC,1,MOCC,2024,NA,20454224,Beaver Creek at Montezuma Castle NM,SODN,AZ,34.61528778,-111.8371735,34.6153,-111.8372252,2024-06-25,Stream/river,Multiple,Benthic,Kick net,NA,NA,NA,100,22.85,681,09/24/2024
